{"schemaVersion":"1.0","appDefinitionTemplate":{"id":"/providers/Microsoft.PowerApps/apps/","type":"Microsoft.PowerApps/apps","tags":{"primaryDeviceWidth":"1421","primaryDeviceHeight":"556","supportsPortrait":"true","supportsLandscape":"true","primaryFormFactor":"Tablet","showStatusBar":"false","publisherVersion":"3.24062.17","minimumRequiredApiVersion":"2.2.0","hasComponent":"false","hasUnlockedComponent":"false","isUnifiedRootApp":"false","offlineLargeFilesSupport":"false","sienaVersion":"20240627T211804Z-3.24062.17.0"},"properties":{"appVersion":"2024-06-27T21:18:04Z","lifeCycleId":"Published","createdByClientVersion":{"major":3,"minor":24062,"build":17,"revision":0,"majorRevision":0,"minorRevision":0},"minClientVersion":{"major":3,"minor":24062,"build":17,"revision":0,"majorRevision":0,"minorRevision":0},"backgroundColor":"RGBA(0,176,240,1)","backgroundImageUri":"/14098815638545586912/N5cba9660-2fc5-4408-a410-1d6a96af2c13-logoSmallFile","displayName":"ESH-40 App","description":"June 21- Per feedback and suggestions from the demo, I have added the ranges and units to the OpCheck input fields; set flagging red for the entered OpCheck results if the value does not pass the checking criteria; Updated the code implementation for DABARAS-II and Truck Monitor instrument checking.","commitMessage":"","appUris":{"documentUri":{"value":"/14098815638545586912/N04fcca78-5f54-44ce-a65e-d939f6640202-document.msapp"},"imageUris":[],"additionalUris":[{"isSolutionAware":false,"value":"/14098815638545586912/N5a90d051-0f62-4898-b523-6535f6396a6a-identity.json"}]},"createdTime":"0001-01-01T00:00:00Z","lastModifiedTime":"0001-01-01T00:00:00Z","sharedGroupsCount":0,"sharedUsersCount":0,"connectionReferences":{"6d795892-5f4a-40a0-b9a5-a237b6d66730":{"id":"57f9d5d9-fa07-48f0-b98b-f804f6d191a0","displayName":"SharePoint","iconUri":"https://connectoricons-prod.azureedge.net/releases/v1.0.1693/1.0.1693.3738/sharepointonline/icon.png","dataSources":["Calibration Sources","Contact List","Instrument Specifications","Master_OpCheck_Results","Exposure Rate","Portable Alpha Beta","Portable Alpha_40B","Truck Monitor_40F","Portable Alpha_40D","DABRASII_40C"],"dependencies":[],"dependents":[],"parameterHints":{},"parameterHintsV2":{},"isOnPremiseConnection":false,"bypassConsent":false,"dataSets":{"https://argonnedoe-my.sharepoint.com/personal/qzhang_anl_gov":{"dataSources":{"Instrument Specifications":{"tableName":"7149ef66-7e9a-4a88-bbef-4c571159c09e"},"Master_OpCheck_Results":{"tableName":"4d43854d-2ef6-4c7d-9728-d058901ced52"},"Exposure Rate":{"tableName":"547d48b3-d291-44ce-b134-c2b2af410e82"},"Portable Alpha Beta":{"tableName":"953423d5-689c-4233-b95d-50f1bcb5328f"},"Portable Alpha_40B":{"tableName":"7a6d380b-1cb7-4d02-8e9b-b1db927c8393"},"Truck Monitor_40F":{"tableName":"6b581b82-430a-4d61-8bea-28b2f74e79fc"},"Portable Alpha_40D":{"tableName":"9dea5769-940b-4d8b-872b-3920d9e401fd"},"DABRASII_40C":{"tableName":"67df7e91-6c84-446e-9787-5e347ee8c8bd"}}},"https://argonnedoe.sharepoint.com/sites/RPDivision":{"dataSources":{"Calibration Sources":{"tableName":"18c60422-9122-46dc-b57b-8694218c4993"},"Contact List":{"tableName":"fd7c5395-bd86-4289-aa90-64c5b92fd7d8"}}}},"apiTier":"Standard","isCustomApiConnection":false,"actions":["providers/PowerPlatform.Governance/Operations/Read","providers/PowerPlatform.Governance/Operations/Write","providers/PowerPlatform.Governance/Operations/Delete"]}},"databaseReferences":{},"almMode":"Environment","performanceOptimizationEnabled":true,"canConsumeAppPass":true,"enableModernRuntimeMode":false,"executionRestrictions":{"isTeamsOnly":false,"dataLossPreventionEvaluationResult":{"status":"Compliant","lastEvaluationDate":"2024-05-30T18:38:15.7923693Z","violations":[],"violationsByPolicy":[],"violationErrorMessage":"The app uses the following connectors: shared_sharepointonline."}}},"appType":"ClassicCanvasApp","appComponents":[]}}